강원, 삼척/장호항,https://www.siksinhot.com/taste?upHpAreaId=1&hpAreaId=512&isBestOrd=N,1,512,191
강원, 강릉시,https://www.siksinhot.com/taste?upHpAreaId=1&hpAreaId=263&isBestOrd=N,1,263,1098
강원, 강릉시-경포/안목카페거리,https://www.siksinhot.com/taste?upHpAreaId=1&hpAreaId=1131&isBestOrd=N,1,1131,271
강원, 원주시,https://www.siksinhot.com/taste?upHpAreaId=1&hpAreaId=271&isBestOrd=N,1,271,605
강원, 춘천시,https://www.siksinhot.com/taste?upHpAreaId=1&hpAreaId=275&isBestOrd=N,1,275,1205
강원, 속초,https://www.siksinhot.com/taste?upHpAreaId=1&hpAreaId=532&isBestOrd=N,1,532,911
강원, 양양,https://www.siksinhot.com/taste?upHpAreaId=1&hpAreaId=533&isBestOrd=N,1,533,416
강원, 홍천군,https://www.siksinhot.com/taste?upHpAreaId=1&hpAreaId=278&isBestOrd=N,1,278,313
강원, 고성,https://www.siksinhot.com/taste?upHpAreaId=1&hpAreaId=534&isBestOrd=N,1,534,234
강원, 정선,https://www.siksinhot.com/taste?upHpAreaId=1&hpAreaId=535&isBestOrd=N,1,535,263
강원, 횡성군,https://www.siksinhot.com/taste?upHpAreaId=1&hpAreaId=280&isBestOrd=N,1,280,259
강원, 태백,https://www.siksinhot.com/taste?upHpAreaId=1&hpAreaId=536&isBestOrd=N,1,536,215
강원, 평창,https://www.siksinhot.com/taste?upHpAreaId=1&hpAreaId=537&isBestOrd=N,1,537,354
강원, 영월,https://www.siksinhot.com/taste?upHpAreaId=1&hpAreaId=538&isBestOrd=N,1,538,137
강원, 봉평,https://www.siksinhot.com/taste?upHpAreaId=1&hpAreaId=539&isBestOrd=N,1,539,102
강원, 인제,https://www.siksinhot.com/taste?upHpAreaId=1&hpAreaId=540&isBestOrd=N,1,540,183
강원, 화천,https://www.siksinhot.com/taste?upHpAreaId=1&hpAreaId=541&isBestOrd=N,1,541,132
강원, 철원,https://www.siksinhot.com/taste?upHpAreaId=1&hpAreaId=542&isBestOrd=N,1,542,46
강원, 양구,https://www.siksinhot.com/taste?upHpAreaId=1&hpAreaId=543&isBestOrd=N,1,543,53
강원, 동해/망상,https://www.siksinhot.com/taste?upHpAreaId=1&hpAreaId=511&isBestOrd=N,1,511,227
경기, 고양/화정/원당/행신,https://www.siksinhot.com/taste?upHpAreaId=2&hpAreaId=118&isBestOrd=N,2,118,801
경기, 고양-스타필드,https://www.siksinhot.com/taste?upHpAreaId=2&hpAreaId=1026&isBestOrd=N,2,1026,98
경기, 가평군,https://www.siksinhot.com/taste?upHpAreaId=2&hpAreaId=117&isBestOrd=N,2,117,606
경기, 과천/서울대공원,https://www.siksinhot.com/taste?upHpAreaId=2&hpAreaId=119&isBestOrd=N,2,119,360
경기, 광명/소하동/밤일마을,https://www.siksinhot.com/taste?upHpAreaId=2&hpAreaId=120&isBestOrd=N,2,120,604
경기, 광주시,https://www.siksinhot.com/taste?upHpAreaId=2&hpAreaId=121&isBestOrd=N,2,121,617
경기, 광주-남한산성,https://www.siksinhot.com/taste?upHpAreaId=2&hpAreaId=518&isBestOrd=N,2,518,144
경기, 구리시/갈매,https://www.siksinhot.com/taste?upHpAreaId=2&hpAreaId=122&isBestOrd=N,2,122,409
경기, 구리-토평,https://www.siksinhot.com/taste?upHpAreaId=2&hpAreaId=1194&isBestOrd=N,2,1194,3
경기, 군포시/산본/당동,https://www.siksinhot.com/taste?upHpAreaId=2&hpAreaId=123&isBestOrd=N,2,123,422
경기, 김포시,https://www.siksinhot.com/taste?upHpAreaId=2&hpAreaId=124&isBestOrd=N,2,124,570
경기, 김포-장기동카페거리,https://www.siksinhot.com/taste?upHpAreaId=2&hpAreaId=1150&isBestOrd=N,2,1150,237
경기, 남양주시,https://www.siksinhot.com/taste?upHpAreaId=2&hpAreaId=1202&isBestOrd=N,2,1202,44
경기, 남양주 - 토평/미음나루,https://www.siksinhot.com/taste?upHpAreaId=2&hpAreaId=1151&isBestOrd=N,2,1151,47
경기, 남양주 - 화도/평내/호평,https://www.siksinhot.com/taste?upHpAreaId=2&hpAreaId=1152&isBestOrd=N,2,1152,180
경기, 남양주 - 덕소/팔당,https://www.siksinhot.com/taste?upHpAreaId=2&hpAreaId=1153&isBestOrd=N,2,1153,159
경기, 남양주 - 별내/퇴계원/진접,https://www.siksinhot.com/taste?upHpAreaId=2&hpAreaId=125&isBestOrd=N,2,125,643
경기, 동두천,https://www.siksinhot.com/taste?upHpAreaId=2&hpAreaId=530&isBestOrd=N,2,530,238
경기, 부천시,https://www.siksinhot.com/taste?upHpAreaId=2&hpAreaId=1154&isBestOrd=N,2,1154,312
경기, 부천시청/중동,https://www.siksinhot.com/taste?upHpAreaId=2&hpAreaId=127&isBestOrd=N,2,127,639
경기, 분당-서현/율동공원,https://www.siksinhot.com/taste?upHpAreaId=2&hpAreaId=107&isBestOrd=N,2,107,1096
경기, 분당-야탑/이매,https://www.siksinhot.com/taste?upHpAreaId=2&hpAreaId=108&isBestOrd=N,2,108,427
경기, 분당-오리/미금,https://www.siksinhot.com/taste?upHpAreaId=2&hpAreaId=109&isBestOrd=N,2,109,638
경기, 분당-정자/수내,https://www.siksinhot.com/taste?upHpAreaId=2&hpAreaId=110&isBestOrd=N,2,110,1213
경기, 분당-판교/운중동,https://www.siksinhot.com/taste?upHpAreaId=2&hpAreaId=111&isBestOrd=N,2,111,1196
경기, 분당-현대백화점,https://www.siksinhot.com/taste?upHpAreaId=2&hpAreaId=524&isBestOrd=N,2,524,268
경기, 성남/모란/복정/청계산,https://www.siksinhot.com/taste?upHpAreaId=2&hpAreaId=128&isBestOrd=N,2,128,804
경기, 수원-인계동/팔달문,https://www.siksinhot.com/taste?upHpAreaId=2&hpAreaId=504&isBestOrd=N,2,504,952
경기, 수원-광교카페거리,https://www.siksinhot.com/taste?upHpAreaId=2&hpAreaId=1162&isBestOrd=N,2,1162,327
경기, 수원-영통/신동카페거리,https://www.siksinhot.com/taste?upHpAreaId=2&hpAreaId=1163&isBestOrd=N,2,1163,430
경기, 수원시,https://www.siksinhot.com/taste?upHpAreaId=2&hpAreaId=129&isBestOrd=N,2,129,861
경기, 수원-행궁동,https://www.siksinhot.com/taste?upHpAreaId=2&hpAreaId=1164&isBestOrd=N,2,1164,435
경기, 수원-호매실동,https://www.siksinhot.com/taste?upHpAreaId=2&hpAreaId=1165&isBestOrd=N,2,1165,10
경기, 시흥시/물왕저수지,https://www.siksinhot.com/taste?upHpAreaId=2&hpAreaId=130&isBestOrd=N,2,130,579
경기, 안산시,https://www.siksinhot.com/taste?upHpAreaId=2&hpAreaId=1203&isBestOrd=N,2,1203,109
경기, 안산-고잔동/중앙동,https://www.siksinhot.com/taste?upHpAreaId=2&hpAreaId=131&isBestOrd=N,2,131,725
경기, 안산-상록수/본오동,https://www.siksinhot.com/taste?upHpAreaId=2&hpAreaId=506&isBestOrd=N,2,506,352
경기, 안산-대부도,https://www.siksinhot.com/taste?upHpAreaId=2&hpAreaId=1195&isBestOrd=N,2,1195,77
경기, 안성시,https://www.siksinhot.com/taste?upHpAreaId=2&hpAreaId=132&isBestOrd=N,2,132,467
경기, 안양-범계/평촌,https://www.siksinhot.com/taste?upHpAreaId=2&hpAreaId=133&isBestOrd=N,2,133,1326
경기, 안양-안양일번가,https://www.siksinhot.com/taste?upHpAreaId=2&hpAreaId=507&isBestOrd=N,2,507,215
경기, 양주시,https://www.siksinhot.com/taste?upHpAreaId=2&hpAreaId=134&isBestOrd=N,2,134,403
경기, 양평군/양수리,https://www.siksinhot.com/taste?upHpAreaId=2&hpAreaId=135&isBestOrd=N,2,135,718
경기, 여주군,https://www.siksinhot.com/taste?upHpAreaId=2&hpAreaId=136&isBestOrd=N,2,136,565
경기, 연천,https://www.siksinhot.com/taste?upHpAreaId=2&hpAreaId=531&isBestOrd=N,2,531,132
경기, 오산/물향기수목원,https://www.siksinhot.com/taste?upHpAreaId=2&hpAreaId=138&isBestOrd=N,2,138,264
경기, 용인시,https://www.siksinhot.com/taste?upHpAreaId=2&hpAreaId=139&isBestOrd=N,2,139,1175
경기, 용인-동백,https://www.siksinhot.com/taste?upHpAreaId=2&hpAreaId=508&isBestOrd=N,2,508,203
경기, 용인-수지/죽전,https://www.siksinhot.com/taste?upHpAreaId=2&hpAreaId=509&isBestOrd=N,2,509,814
경기, 용인-보정동카페거리,https://www.siksinhot.com/taste?upHpAreaId=2&hpAreaId=1144&isBestOrd=N,2,1144,222
경기, 위례신도시,https://www.siksinhot.com/taste?upHpAreaId=2&hpAreaId=1143&isBestOrd=N,2,1143,15
경기, 의왕/백운호수,https://www.siksinhot.com/taste?upHpAreaId=2&hpAreaId=140&isBestOrd=N,2,140,474
경기, 의정부시,https://www.siksinhot.com/taste?upHpAreaId=2&hpAreaId=141&isBestOrd=N,2,141,864
경기, 이천시,https://www.siksinhot.com/taste?upHpAreaId=2&hpAreaId=142&isBestOrd=N,2,142,670
경기, 일산-대화/주엽,https://www.siksinhot.com/taste?upHpAreaId=2&hpAreaId=112&isBestOrd=N,2,112,536
경기, 일산-마두/백석,https://www.siksinhot.com/taste?upHpAreaId=2&hpAreaId=113&isBestOrd=N,2,113,615
경기, 일산-정발산/장항동,https://www.siksinhot.com/taste?upHpAreaId=2&hpAreaId=114&isBestOrd=N,2,114,988
경기, 일산-탄현/일산동,https://www.siksinhot.com/taste?upHpAreaId=2&hpAreaId=115&isBestOrd=N,2,115,320
경기, 일산-풍동,https://www.siksinhot.com/taste?upHpAreaId=2&hpAreaId=116&isBestOrd=N,2,116,417
경기, 파주시,https://www.siksinhot.com/taste?upHpAreaId=2&hpAreaId=143&isBestOrd=N,2,143,1100
경기, 파주-헤이리예술마을,https://www.siksinhot.com/taste?upHpAreaId=2&hpAreaId=1088&isBestOrd=N,2,1088,113
경기, 파주-운정카페거리,https://www.siksinhot.com/taste?upHpAreaId=2&hpAreaId=1089&isBestOrd=N,2,1089,80
경기, 평택/송탄,https://www.siksinhot.com/taste?upHpAreaId=2&hpAreaId=144&isBestOrd=N,2,144,913
경기, 포천,https://www.siksinhot.com/taste?upHpAreaId=2&hpAreaId=529&isBestOrd=N,2,529,757
경기, 하남/미사,https://www.siksinhot.com/taste?upHpAreaId=2&hpAreaId=146&isBestOrd=N,2,146,627
경기, 하남-스타필드,https://www.siksinhot.com/taste?upHpAreaId=2&hpAreaId=910&isBestOrd=N,2,910,181
경기, 화성/병점,https://www.siksinhot.com/taste?upHpAreaId=2&hpAreaId=1167&isBestOrd=N,2,1167,618
경기, 화성-동탄신도시,https://www.siksinhot.com/taste?upHpAreaId=2&hpAreaId=1166&isBestOrd=N,2,1166,465
경기, 화성-제부도,https://www.siksinhot.com/taste?upHpAreaId=2&hpAreaId=522&isBestOrd=N,2,522,47
경남, 의령,https://www.siksinhot.com/taste?upHpAreaId=3&hpAreaId=572&isBestOrd=N,3,572,108
경남, 창녕,https://www.siksinhot.com/taste?upHpAreaId=3&hpAreaId=571&isBestOrd=N,3,571,56
경남, 합천,https://www.siksinhot.com/taste?upHpAreaId=3&hpAreaId=570&isBestOrd=N,3,570,195
경남, 함안,https://www.siksinhot.com/taste?upHpAreaId=3&hpAreaId=1047&isBestOrd=N,3,1047,85
경남, 산청,https://www.siksinhot.com/taste?upHpAreaId=3&hpAreaId=569&isBestOrd=N,3,569,139
경남, 거창,https://www.siksinhot.com/taste?upHpAreaId=3&hpAreaId=568&isBestOrd=N,3,568,107
경남, 함양,https://www.siksinhot.com/taste?upHpAreaId=3&hpAreaId=567&isBestOrd=N,3,567,185
경남, 고성,https://www.siksinhot.com/taste?upHpAreaId=3&hpAreaId=566&isBestOrd=N,3,566,85
경남, 사천,https://www.siksinhot.com/taste?upHpAreaId=3&hpAreaId=565&isBestOrd=N,3,565,204
경남, 통영,https://www.siksinhot.com/taste?upHpAreaId=3&hpAreaId=564&isBestOrd=N,3,564,874
경남, 밀양,https://www.siksinhot.com/taste?upHpAreaId=3&hpAreaId=563&isBestOrd=N,3,563,175
경남, 양산,https://www.siksinhot.com/taste?upHpAreaId=3&hpAreaId=562&isBestOrd=N,3,562,181
경남, 김해,https://www.siksinhot.com/taste?upHpAreaId=3&hpAreaId=561&isBestOrd=N,3,561,364
경남, 하동군,https://www.siksinhot.com/taste?upHpAreaId=3&hpAreaId=345&isBestOrd=N,3,345,312
경남, 창원-마산합포/회원구,https://www.siksinhot.com/taste?upHpAreaId=3&hpAreaId=1086&isBestOrd=N,3,1086,366
경남, 창원-진해구,https://www.siksinhot.com/taste?upHpAreaId=3&hpAreaId=1087&isBestOrd=N,3,1087,161
경남, 창원-성산/도계동,https://www.siksinhot.com/taste?upHpAreaId=3&hpAreaId=343&isBestOrd=N,3,343,244
경남, 창원-시청/경남도청/사림동,https://www.siksinhot.com/taste?upHpAreaId=3&hpAreaId=1198&isBestOrd=N,3,1198,313
경남, 진주시,https://www.siksinhot.com/taste?upHpAreaId=3&hpAreaId=341&isBestOrd=N,3,341,758
경남, 남해군,https://www.siksinhot.com/taste?upHpAreaId=3&hpAreaId=335&isBestOrd=N,3,335,437
경남, 거제시,https://www.siksinhot.com/taste?upHpAreaId=3&hpAreaId=331&isBestOrd=N,3,331,638
경북, 경주시,https://www.siksinhot.com/taste?upHpAreaId=4&hpAreaId=309&isBestOrd=N,4,309,1248
경북, 경주시-황남동카페거리,https://www.siksinhot.com/taste?upHpAreaId=4&hpAreaId=1121&isBestOrd=N,4,1121,184
경북, 경산,https://www.siksinhot.com/taste?upHpAreaId=4&hpAreaId=573&isBestOrd=N,4,573,213
경북, 영천,https://www.siksinhot.com/taste?upHpAreaId=4&hpAreaId=574&isBestOrd=N,4,574,70
경북, 청도,https://www.siksinhot.com/taste?upHpAreaId=4&hpAreaId=575&isBestOrd=N,4,575,152
경북, 구미,https://www.siksinhot.com/taste?upHpAreaId=4&hpAreaId=576&isBestOrd=N,4,576,420
경북, 김천,https://www.siksinhot.com/taste?upHpAreaId=4&hpAreaId=577&isBestOrd=N,4,577,108
경북, 문경,https://www.siksinhot.com/taste?upHpAreaId=4&hpAreaId=578&isBestOrd=N,4,578,155
경북, 상주,https://www.siksinhot.com/taste?upHpAreaId=4&hpAreaId=579&isBestOrd=N,4,579,91
경북, 울릉군,https://www.siksinhot.com/taste?upHpAreaId=4&hpAreaId=324&isBestOrd=N,4,324,185
경북, 예천,https://www.siksinhot.com/taste?upHpAreaId=4&hpAreaId=580&isBestOrd=N,4,580,99
경북, 안동,https://www.siksinhot.com/taste?upHpAreaId=4&hpAreaId=581&isBestOrd=N,4,581,310
경북, 군위,https://www.siksinhot.com/taste?upHpAreaId=4&hpAreaId=582&isBestOrd=N,4,582,38
경북, 의성,https://www.siksinhot.com/taste?upHpAreaId=4&hpAreaId=583&isBestOrd=N,4,583,41
경북, 영주,https://www.siksinhot.com/taste?upHpAreaId=4&hpAreaId=584&isBestOrd=N,4,584,236
경북, 봉화,https://www.siksinhot.com/taste?upHpAreaId=4&hpAreaId=585&isBestOrd=N,4,585,96
경북, 울진,https://www.siksinhot.com/taste?upHpAreaId=4&hpAreaId=586&isBestOrd=N,4,586,155
경북, 청송,https://www.siksinhot.com/taste?upHpAreaId=4&hpAreaId=587&isBestOrd=N,4,587,91
경북, 영양,https://www.siksinhot.com/taste?upHpAreaId=4&hpAreaId=588&isBestOrd=N,4,588,24
경북, 칠곡,https://www.siksinhot.com/taste?upHpAreaId=4&hpAreaId=589&isBestOrd=N,4,589,152
경북, 고령,https://www.siksinhot.com/taste?upHpAreaId=4&hpAreaId=590&isBestOrd=N,4,590,31
경북, 성주,https://www.siksinhot.com/taste?upHpAreaId=4&hpAreaId=591&isBestOrd=N,4,591,44
경북, 포항,https://www.siksinhot.com/taste?upHpAreaId=4&hpAreaId=592&isBestOrd=N,4,592,468
경북, 영덕,https://www.siksinhot.com/taste?upHpAreaId=4&hpAreaId=593&isBestOrd=N,4,593,139
광주, 광산/수완지구/첨단,https://www.siksinhot.com/taste?upHpAreaId=5&hpAreaId=214&isBestOrd=N,5,214,582
광주, 금호동/풍암동,https://www.siksinhot.com/taste?upHpAreaId=5&hpAreaId=215&isBestOrd=N,5,215,254
광주, 무등산/운림동,https://www.siksinhot.com/taste?upHpAreaId=5&hpAreaId=218&isBestOrd=N,5,218,167
광주, 봉선동/주월동,https://www.siksinhot.com/taste?upHpAreaId=5&hpAreaId=220&isBestOrd=N,5,220,425
광주, 상무/화정/농성,https://www.siksinhot.com/taste?upHpAreaId=5&hpAreaId=221&isBestOrd=N,5,221,890
광주, 송정/하남,https://www.siksinhot.com/taste?upHpAreaId=5&hpAreaId=222&isBestOrd=N,5,222,325
광주, 양림동,https://www.siksinhot.com/taste?upHpAreaId=5&hpAreaId=1027&isBestOrd=N,5,1027,197
광주, 유동/신안,https://www.siksinhot.com/taste?upHpAreaId=5&hpAreaId=223&isBestOrd=N,5,223,314
광주, 일곡동,https://www.siksinhot.com/taste?upHpAreaId=5&hpAreaId=224&isBestOrd=N,5,224,152
광주, 전남대/두암/문흥,https://www.siksinhot.com/taste?upHpAreaId=5&hpAreaId=225&isBestOrd=N,5,225,303
광주, 조선대/지산/산수,https://www.siksinhot.com/taste?upHpAreaId=5&hpAreaId=226&isBestOrd=N,5,226,303
광주, 충장/금남/동명,https://www.siksinhot.com/taste?upHpAreaId=5&hpAreaId=228&isBestOrd=N,5,228,870
대구, 동성로/중앙로/종로,https://www.siksinhot.com/taste?upHpAreaId=6&hpAreaId=195&isBestOrd=N,6,195,2112
대구, 범어동/수성동,https://www.siksinhot.com/taste?upHpAreaId=6&hpAreaId=200&isBestOrd=N,6,200,749
대구, 교대/봉덕,https://www.siksinhot.com/taste?upHpAreaId=6&hpAreaId=1148&isBestOrd=N,6,1148,454
대구, 대명/앞산,https://www.siksinhot.com/taste?upHpAreaId=6&hpAreaId=1149&isBestOrd=N,6,1149,378
대구, 두산동/수성못/지산,https://www.siksinhot.com/taste?upHpAreaId=6&hpAreaId=198&isBestOrd=N,6,198,713
대구, 동대구역/신천동,https://www.siksinhot.com/taste?upHpAreaId=6&hpAreaId=194&isBestOrd=N,6,194,659
대구, 달서/송현/진천,https://www.siksinhot.com/taste?upHpAreaId=6&hpAreaId=204&isBestOrd=N,6,204,386
대구, 동인동/삼덕동/중구청,https://www.siksinhot.com/taste?upHpAreaId=6&hpAreaId=196&isBestOrd=N,6,196,678
대구, 경북대/비산/침산,https://www.siksinhot.com/taste?upHpAreaId=6&hpAreaId=190&isBestOrd=N,6,190,867
대구, 두류/내당/서문시장,https://www.siksinhot.com/taste?upHpAreaId=6&hpAreaId=197&isBestOrd=N,6,197,969
대구, 대봉동/김광석길,https://www.siksinhot.com/taste?upHpAreaId=6&hpAreaId=679&isBestOrd=N,6,679,227
대구, 계명대/성서,https://www.siksinhot.com/taste?upHpAreaId=6&hpAreaId=191&isBestOrd=N,6,191,213
대구, 반월당/남산동/봉산,https://www.siksinhot.com/taste?upHpAreaId=6&hpAreaId=199&isBestOrd=N,6,199,303
대구, 달성군,https://www.siksinhot.com/taste?upHpAreaId=6&hpAreaId=193&isBestOrd=N,6,193,418
대구, 칠곡,https://www.siksinhot.com/taste?upHpAreaId=6&hpAreaId=211&isBestOrd=N,6,211,242
대구, 팔공산,https://www.siksinhot.com/taste?upHpAreaId=6&hpAreaId=212&isBestOrd=N,6,212,118
대구, 율하카페거리,https://www.siksinhot.com/taste?upHpAreaId=6&hpAreaId=517&isBestOrd=N,6,517,59
대구, 동호/신서혁신,https://www.siksinhot.com/taste?upHpAreaId=6&hpAreaId=1132&isBestOrd=N,6,1132,107
대구, 시지,https://www.siksinhot.com/taste?upHpAreaId=6&hpAreaId=206&isBestOrd=N,6,206,166
대전, 계룡산/동학사,https://www.siksinhot.com/taste?upHpAreaId=7&hpAreaId=520&isBestOrd=N,7,520,98
대전, 가오/대동/판암,https://www.siksinhot.com/taste?upHpAreaId=7&hpAreaId=231&isBestOrd=N,7,231,314
대전, 유성-상대/도안,https://www.siksinhot.com/taste?upHpAreaId=7&hpAreaId=233&isBestOrd=N,7,233,615
대전, 연구단지/관평/테크노밸리,https://www.siksinhot.com/taste?upHpAreaId=7&hpAreaId=235&isBestOrd=N,7,235,1102
대전, 둔산/시청,https://www.siksinhot.com/taste?upHpAreaId=7&hpAreaId=238&isBestOrd=N,7,238,777
대전, 신탄진/회덕/대청호,https://www.siksinhot.com/taste?upHpAreaId=7&hpAreaId=240&isBestOrd=N,7,240,182
대전, 태평/도마/유천/복수,https://www.siksinhot.com/taste?upHpAreaId=7&hpAreaId=244&isBestOrd=N,7,244,314
대전, 대전역/은행/대흥/선화,https://www.siksinhot.com/taste?upHpAreaId=7&hpAreaId=245&isBestOrd=N,7,245,1748
대전, 용전/오정동/중리/가양,https://www.siksinhot.com/taste?upHpAreaId=7&hpAreaId=246&isBestOrd=N,7,246,344
대전, 유성/노은,https://www.siksinhot.com/taste?upHpAreaId=7&hpAreaId=247&isBestOrd=N,7,247,216
대전, 탄방/용문/가장/갈마,https://www.siksinhot.com/taste?upHpAreaId=7&hpAreaId=248&isBestOrd=N,7,248,728
대전, 월평/만년,https://www.siksinhot.com/taste?upHpAreaId=7&hpAreaId=510&isBestOrd=N,7,510,423
대전, 가수원동,https://www.siksinhot.com/taste?upHpAreaId=7&hpAreaId=1085&isBestOrd=N,7,1085,143
부산, 경성대/대연/용호,https://www.siksinhot.com/taste?upHpAreaId=8&hpAreaId=163&isBestOrd=N,8,163,697
부산, 광복동/남포동,https://www.siksinhot.com/taste?upHpAreaId=8&hpAreaId=164&isBestOrd=N,8,164,1597
부산, 광안리/수영/남천,https://www.siksinhot.com/taste?upHpAreaId=8&hpAreaId=1200&isBestOrd=N,8,1200,114
부산, 수영,https://www.siksinhot.com/taste?upHpAreaId=8&hpAreaId=1136&isBestOrd=N,8,1136,857
부산, 금련산역-남천동카페거리,https://www.siksinhot.com/taste?upHpAreaId=8&hpAreaId=1138&isBestOrd=N,8,1138,563
부산, 구포/덕천,https://www.siksinhot.com/taste?upHpAreaId=8&hpAreaId=166&isBestOrd=N,8,166,224
부산, 금정산성/범어사,https://www.siksinhot.com/taste?upHpAreaId=8&hpAreaId=167&isBestOrd=N,8,167,366
부산, 기장/정관,https://www.siksinhot.com/taste?upHpAreaId=8&hpAreaId=168&isBestOrd=N,8,168,665
부산, 대신동,https://www.siksinhot.com/taste?upHpAreaId=8&hpAreaId=170&isBestOrd=N,8,170,147
부산, 동래/사직,https://www.siksinhot.com/taste?upHpAreaId=8&hpAreaId=171&isBestOrd=N,8,171,315
부산, 동의대/개금,https://www.siksinhot.com/taste?upHpAreaId=8&hpAreaId=172&isBestOrd=N,8,172,185
부산, 범일/문현/우암,https://www.siksinhot.com/taste?upHpAreaId=8&hpAreaId=175&isBestOrd=N,8,175,369
부산, 부산대,https://www.siksinhot.com/taste?upHpAreaId=8&hpAreaId=176&isBestOrd=N,8,176,510
부산, 부산역/초량,https://www.siksinhot.com/taste?upHpAreaId=8&hpAreaId=177&isBestOrd=N,8,177,559
부산, 사상,https://www.siksinhot.com/taste?upHpAreaId=8&hpAreaId=178&isBestOrd=N,8,178,398
부산, 사하/송도,https://www.siksinhot.com/taste?upHpAreaId=8&hpAreaId=179&isBestOrd=N,8,179,284
부산, 서면,https://www.siksinhot.com/taste?upHpAreaId=8&hpAreaId=180&isBestOrd=N,8,180,1633
부산, 전포카페거리,https://www.siksinhot.com/taste?upHpAreaId=8&hpAreaId=1135&isBestOrd=N,8,1135,460
부산, 양정/초읍,https://www.siksinhot.com/taste?upHpAreaId=8&hpAreaId=183&isBestOrd=N,8,183,235
부산, 연산동,https://www.siksinhot.com/taste?upHpAreaId=8&hpAreaId=184&isBestOrd=N,8,184,425
부산, 온천장/명륜동,https://www.siksinhot.com/taste?upHpAreaId=8&hpAreaId=185&isBestOrd=N,8,185,647
부산, 중앙동,https://www.siksinhot.com/taste?upHpAreaId=8&hpAreaId=187&isBestOrd=N,8,187,344
부산, 태종대/영도,https://www.siksinhot.com/taste?upHpAreaId=8&hpAreaId=188&isBestOrd=N,8,188,373
부산, 해운대,https://www.siksinhot.com/taste?upHpAreaId=8&hpAreaId=189&isBestOrd=N,8,189,2272
부산, 해운대-달맞이길,https://www.siksinhot.com/taste?upHpAreaId=8&hpAreaId=1141&isBestOrd=N,8,1141,717
부산, 해운대-송정,https://www.siksinhot.com/taste?upHpAreaId=8&hpAreaId=1142&isBestOrd=N,8,1142,255
부산, 강서구/가덕도,https://www.siksinhot.com/taste?upHpAreaId=8&hpAreaId=1140&isBestOrd=N,8,1140,52
서울-강남, 강남역,https://www.siksinhot.com/taste?upHpAreaId=9&hpAreaId=33&isBestOrd=N,9,33,2601
서울-강남, 강남역-언덕길,https://www.siksinhot.com/taste?upHpAreaId=9&hpAreaId=34&isBestOrd=N,9,34,558
서울-강남, 강서/화곡/발산/등촌,https://www.siksinhot.com/taste?upHpAreaId=9&hpAreaId=46&isBestOrd=N,9,46,1150
서울-강남, 교대/남부터미널(예술의전당),https://www.siksinhot.com/taste?upHpAreaId=9&hpAreaId=35&isBestOrd=N,9,35,1754
서울-강남, 구로/대림/가산/독산,https://www.siksinhot.com/taste?upHpAreaId=9&hpAreaId=36&isBestOrd=N,9,36,887
서울-강남, 개봉/오류/온수,https://www.siksinhot.com/taste?upHpAreaId=9&hpAreaId=1181&isBestOrd=N,9,1181,78
서울-강남, 김포공항/방화/마곡지구,https://www.siksinhot.com/taste?upHpAreaId=9&hpAreaId=398&isBestOrd=N,9,398,416
서울-강남, 노량진,https://www.siksinhot.com/taste?upHpAreaId=9&hpAreaId=397&isBestOrd=N,9,397,536
서울-강남, 중대/상도,https://www.siksinhot.com/taste?upHpAreaId=9&hpAreaId=1176&isBestOrd=N,9,1176,498
서울-강남, 보라매/신대방,https://www.siksinhot.com/taste?upHpAreaId=9&hpAreaId=1186&isBestOrd=N,9,1186,241
서울-강남, 논현/학동,https://www.siksinhot.com/taste?upHpAreaId=9&hpAreaId=39&isBestOrd=N,9,39,2182
서울-강남, 개포/수서,https://www.siksinhot.com/taste?upHpAreaId=9&hpAreaId=40&isBestOrd=N,9,40,219
서울-강남, 대치동,https://www.siksinhot.com/taste?upHpAreaId=9&hpAreaId=1145&isBestOrd=N,9,1145,1016
서울-강남, 목동,https://www.siksinhot.com/taste?upHpAreaId=9&hpAreaId=43&isBestOrd=N,9,43,1087
서울-강남, 문정동/가락동,https://www.siksinhot.com/taste?upHpAreaId=9&hpAreaId=399&isBestOrd=N,9,399,674
서울-강남, 반포/잠원,https://www.siksinhot.com/taste?upHpAreaId=9&hpAreaId=55&isBestOrd=N,9,55,808
서울-강남, 반포-파미에스테이션,https://www.siksinhot.com/taste?upHpAreaId=9&hpAreaId=627&isBestOrd=N,9,627,226
서울-강남, 사당/이수,https://www.siksinhot.com/taste?upHpAreaId=9&hpAreaId=54&isBestOrd=N,9,54,1060
서울-강남, 삼성동,https://www.siksinhot.com/taste?upHpAreaId=9&hpAreaId=50&isBestOrd=N,9,50,1223
서울-강남, 삼성-코엑스(스타필드),https://www.siksinhot.com/taste?upHpAreaId=9&hpAreaId=1091&isBestOrd=N,9,1091,395
서울-강남, 서래마을,https://www.siksinhot.com/taste?upHpAreaId=9&hpAreaId=51&isBestOrd=N,9,51,1011
서울-강남, 서울대/샤로수길,https://www.siksinhot.com/taste?upHpAreaId=9&hpAreaId=396&isBestOrd=N,9,396,965
서울-강남, 봉천/신림,https://www.siksinhot.com/taste?upHpAreaId=9&hpAreaId=1093&isBestOrd=N,9,1093,822
서울-강남, 서초,https://www.siksinhot.com/taste?upHpAreaId=9&hpAreaId=1117&isBestOrd=N,9,1117,438
서울-강남, 방배,https://www.siksinhot.com/taste?upHpAreaId=9&hpAreaId=1118&isBestOrd=N,9,1118,637
서울-강남, 송파/방이,https://www.siksinhot.com/taste?upHpAreaId=9&hpAreaId=48&isBestOrd=N,9,48,1195
서울-강남, 송파-카페거리,https://www.siksinhot.com/taste?upHpAreaId=9&hpAreaId=1108&isBestOrd=N,9,1108,327
서울-강남, 신천(잠실새내역),https://www.siksinhot.com/taste?upHpAreaId=9&hpAreaId=1109&isBestOrd=N,9,1109,774
서울-강남, 신논현/영동시장,https://www.siksinhot.com/taste?upHpAreaId=9&hpAreaId=400&isBestOrd=N,9,400,2129
서울-강남, 신사역,https://www.siksinhot.com/taste?upHpAreaId=9&hpAreaId=495&isBestOrd=N,9,495,1170
서울-강남, 신사-가로수길,https://www.siksinhot.com/taste?upHpAreaId=9&hpAreaId=32&isBestOrd=N,9,32,1842
서울-강남, 신사-세로수길,https://www.siksinhot.com/taste?upHpAreaId=9&hpAreaId=494&isBestOrd=N,9,494,755
서울-강남, 압구정,https://www.siksinhot.com/taste?upHpAreaId=9&hpAreaId=1133&isBestOrd=N,9,1133,2341
서울-강남, 압구정-도산공원,https://www.siksinhot.com/taste?upHpAreaId=9&hpAreaId=1134&isBestOrd=N,9,1134,1308
서울-강남, 압구정-고메이494,https://www.siksinhot.com/taste?upHpAreaId=9&hpAreaId=625&isBestOrd=N,9,625,44
서울-강남, 양재/도곡,https://www.siksinhot.com/taste?upHpAreaId=9&hpAreaId=59&isBestOrd=N,9,59,2189
서울-강남, 양재-양재천카페거리,https://www.siksinhot.com/taste?upHpAreaId=9&hpAreaId=1171&isBestOrd=N,9,1171,130
서울-강남, 여의도,https://www.siksinhot.com/taste?upHpAreaId=9&hpAreaId=60&isBestOrd=N,9,60,3103
서울-강남, 여의도-IFC몰,https://www.siksinhot.com/taste?upHpAreaId=9&hpAreaId=1092&isBestOrd=N,9,1092,239
서울-강남, 역삼역,https://www.siksinhot.com/taste?upHpAreaId=9&hpAreaId=1122&isBestOrd=N,9,1122,1190
서울-강남, 선릉역/선정릉역,https://www.siksinhot.com/taste?upHpAreaId=9&hpAreaId=1130&isBestOrd=N,9,1130,1605
서울-강남, 문래-문화예술촌,https://www.siksinhot.com/taste?upHpAreaId=9&hpAreaId=1172&isBestOrd=N,9,1172,265
서울-강남, 당산역,https://www.siksinhot.com/taste?upHpAreaId=9&hpAreaId=1173&isBestOrd=N,9,1173,599
서울-강남, 영등포/신도림/신길,https://www.siksinhot.com/taste?upHpAreaId=9&hpAreaId=62&isBestOrd=N,9,62,800
서울-강남, 영등포-타임스퀘어,https://www.siksinhot.com/taste?upHpAreaId=9&hpAreaId=626&isBestOrd=N,9,626,209
서울-강남, 동작-이촌,https://www.siksinhot.com/taste?upHpAreaId=9&hpAreaId=402&isBestOrd=N,9,402,61
서울-강남, 잠실/석촌호수,https://www.siksinhot.com/taste?upHpAreaId=9&hpAreaId=56&isBestOrd=N,9,56,892
서울-강남, 잠실-롯데백화점/월드몰,https://www.siksinhot.com/taste?upHpAreaId=9&hpAreaId=909&isBestOrd=N,9,909,288
서울-강남, 잠실-제2롯데월드,https://www.siksinhot.com/taste?upHpAreaId=9&hpAreaId=628&isBestOrd=N,9,628,646
서울-강남, 천호/강동,https://www.siksinhot.com/taste?upHpAreaId=9&hpAreaId=64&isBestOrd=N,9,64,1232
서울-강남, 암사/명일,https://www.siksinhot.com/taste?upHpAreaId=9&hpAreaId=1174&isBestOrd=N,9,1174,227
서울-강남, 길동/둔촌,https://www.siksinhot.com/taste?upHpAreaId=9&hpAreaId=1175&isBestOrd=N,9,1175,94
서울-강남, 청담동,https://www.siksinhot.com/taste?upHpAreaId=9&hpAreaId=65&isBestOrd=N,9,65,3024
서울-강북, 건대입구/화양,https://www.siksinhot.com/taste?upHpAreaId=10&hpAreaId=66&isBestOrd=N,10,66,2083
서울-강북, 건대-커먼그라운드,https://www.siksinhot.com/taste?upHpAreaId=10&hpAreaId=1101&isBestOrd=N,10,1101,53
서울-강북, 광화문,https://www.siksinhot.com/taste?upHpAreaId=10&hpAreaId=70&isBestOrd=N,10,70,1370
서울-강북, 남산,https://www.siksinhot.com/taste?upHpAreaId=10&hpAreaId=499&isBestOrd=N,10,499,451
서울-강북, 남산-후암동,https://www.siksinhot.com/taste?upHpAreaId=10&hpAreaId=1107&isBestOrd=N,10,1107,228
서울-강북, 대학로,https://www.siksinhot.com/taste?upHpAreaId=10&hpAreaId=76&isBestOrd=N,10,76,1327
서울-강북, 약수/옥수/금호,https://www.siksinhot.com/taste?upHpAreaId=10&hpAreaId=1201&isBestOrd=N,10,1201,104
서울-강북, 동대문/장충/신당,https://www.siksinhot.com/taste?upHpAreaId=10&hpAreaId=77&isBestOrd=N,10,77,1858
서울-강북, 명동,https://www.siksinhot.com/taste?upHpAreaId=10&hpAreaId=80&isBestOrd=N,10,80,1877
서울-강북, 삼청동/북촌/한옥마을,https://www.siksinhot.com/taste?upHpAreaId=10&hpAreaId=83&isBestOrd=N,10,83,1750
서울-강북, 상암동/DMC,https://www.siksinhot.com/taste?upHpAreaId=10&hpAreaId=525&isBestOrd=N,10,525,450
서울-강북, 망원동,https://www.siksinhot.com/taste?upHpAreaId=10&hpAreaId=1096&isBestOrd=N,10,1096,1046
서울-강북, 서대문/충정로,https://www.siksinhot.com/taste?upHpAreaId=10&hpAreaId=72&isBestOrd=N,10,72,1222
서울-강북, 서울역/남대문,https://www.siksinhot.com/taste?upHpAreaId=10&hpAreaId=390&isBestOrd=N,10,390,898
서울-강북, 서촌누하동/청운효자동,https://www.siksinhot.com/taste?upHpAreaId=10&hpAreaId=498&isBestOrd=N,10,498,1386
서울-강북, 성수/뚝섬,https://www.siksinhot.com/taste?upHpAreaId=10&hpAreaId=911&isBestOrd=N,10,911,1048
서울-강북, 숙대/남영/효창,https://www.siksinhot.com/taste?upHpAreaId=10&hpAreaId=500&isBestOrd=N,10,500,720
서울-강북, 시청,https://www.siksinhot.com/taste?upHpAreaId=10&hpAreaId=391&isBestOrd=N,10,391,1984
서울-강북, 신촌/이대,https://www.siksinhot.com/taste?upHpAreaId=10&hpAreaId=90&isBestOrd=N,10,90,2080
서울-강북, 연희동,https://www.siksinhot.com/taste?upHpAreaId=10&hpAreaId=526&isBestOrd=N,10,526,912
서울-강북, 왕십리/마장/답십리,https://www.siksinhot.com/taste?upHpAreaId=10&hpAreaId=912&isBestOrd=N,10,912,895
서울-강북, 용산,https://www.siksinhot.com/taste?upHpAreaId=10&hpAreaId=94&isBestOrd=N,10,94,733
서울-강북, 용산-이촌,https://www.siksinhot.com/taste?upHpAreaId=10&hpAreaId=1094&isBestOrd=N,10,1094,553
서울-강북, 이태원,https://www.siksinhot.com/taste?upHpAreaId=10&hpAreaId=96&isBestOrd=N,10,96,2176
서울-강북, 이태원-보광동,https://www.siksinhot.com/taste?upHpAreaId=10&hpAreaId=1113&isBestOrd=N,10,1113,176
서울-강북, 이태원-경리단길,https://www.siksinhot.com/taste?upHpAreaId=10&hpAreaId=501&isBestOrd=N,10,501,1198
서울-강북, 이태원-한남동/독서당로,https://www.siksinhot.com/taste?upHpAreaId=10&hpAreaId=502&isBestOrd=N,10,502,1872
서울-강북, 이태원-녹사평,https://www.siksinhot.com/taste?upHpAreaId=10&hpAreaId=1114&isBestOrd=N,10,1114,715
서울-강북, 이태원-해방촌,https://www.siksinhot.com/taste?upHpAreaId=10&hpAreaId=521&isBestOrd=N,10,521,409
서울-강북, 인사동,https://www.siksinhot.com/taste?upHpAreaId=10&hpAreaId=97&isBestOrd=N,10,97,967
서울-강북, 종로,https://www.siksinhot.com/taste?upHpAreaId=10&hpAreaId=99&isBestOrd=N,10,99,2585
서울-강북, 종로-익선동,https://www.siksinhot.com/taste?upHpAreaId=10&hpAreaId=1046&isBestOrd=N,10,1046,399
서울-강북, 충무로,https://www.siksinhot.com/taste?upHpAreaId=10&hpAreaId=1105&isBestOrd=N,10,1105,467
서울-강북, 을지로,https://www.siksinhot.com/taste?upHpAreaId=10&hpAreaId=102&isBestOrd=N,10,102,1694
서울-강북, 홍대입구역,https://www.siksinhot.com/taste?upHpAreaId=10&hpAreaId=105&isBestOrd=N,10,105,3363
서울-강북, 홍대-상수,https://www.siksinhot.com/taste?upHpAreaId=10&hpAreaId=503&isBestOrd=N,10,503,1213
서울-강북, 합정,https://www.siksinhot.com/taste?upHpAreaId=10&hpAreaId=1095&isBestOrd=N,10,1095,2012
서울-강북, 연남동,https://www.siksinhot.com/taste?upHpAreaId=10&hpAreaId=519&isBestOrd=N,10,519,1560
서울-강북, 경희대/청량리/외대,https://www.siksinhot.com/taste?upHpAreaId=10&hpAreaId=67&isBestOrd=N,10,67,1180
서울-강북, 월곡/석계,https://www.siksinhot.com/taste?upHpAreaId=10&hpAreaId=1104&isBestOrd=N,10,1104,214
서울-강북, 광장동/구의동,https://www.siksinhot.com/taste?upHpAreaId=10&hpAreaId=392&isBestOrd=N,10,392,578
서울-강북, 세종대/군자/중곡,https://www.siksinhot.com/taste?upHpAreaId=10&hpAreaId=497&isBestOrd=N,10,497,445
서울-강북, 마포,https://www.siksinhot.com/taste?upHpAreaId=10&hpAreaId=79&isBestOrd=N,10,79,1130
서울-강북, 마포-공덕,https://www.siksinhot.com/taste?upHpAreaId=10&hpAreaId=1097&isBestOrd=N,10,1097,875
서울-강북, 길음/미아/삼양,https://www.siksinhot.com/taste?upHpAreaId=10&hpAreaId=81&isBestOrd=N,10,81,523
서울-강북, 수유/우이,https://www.siksinhot.com/taste?upHpAreaId=10&hpAreaId=1106&isBestOrd=N,10,1106,758
서울-강북, 부암동/평창/구기,https://www.siksinhot.com/taste?upHpAreaId=10&hpAreaId=393&isBestOrd=N,10,393,878
서울-강북, 성북동,https://www.siksinhot.com/taste?upHpAreaId=10&hpAreaId=68&isBestOrd=N,10,68,680
서울-강북, 고려대/성신여대/돈암동,https://www.siksinhot.com/taste?upHpAreaId=10&hpAreaId=1100&isBestOrd=N,10,1100,1275
서울-강북, 독립문/홍제,https://www.siksinhot.com/taste?upHpAreaId=10&hpAreaId=1111&isBestOrd=N,10,1111,141
서울-강북, 불광/연신내/구파발,https://www.siksinhot.com/taste?upHpAreaId=10&hpAreaId=91&isBestOrd=N,10,91,871
서울-강북, 증산/수색/응암,https://www.siksinhot.com/taste?upHpAreaId=10&hpAreaId=1116&isBestOrd=N,10,1116,80
서울-강북, 창동/방학/쌍문,https://www.siksinhot.com/taste?upHpAreaId=10&hpAreaId=395&isBestOrd=N,10,395,289
서울-강북, 노원/상계,https://www.siksinhot.com/taste?upHpAreaId=10&hpAreaId=74&isBestOrd=N,10,74,967
서울-강북, 도봉/수락,https://www.siksinhot.com/taste?upHpAreaId=10&hpAreaId=1102&isBestOrd=N,10,1102,149
서울-강북, 공릉/태릉/과기대,https://www.siksinhot.com/taste?upHpAreaId=10&hpAreaId=394&isBestOrd=N,10,394,514
서울-강북, 상봉/중랑,https://www.siksinhot.com/taste?upHpAreaId=10&hpAreaId=1103&isBestOrd=N,10,1103,160
울산, 달동,https://www.siksinhot.com/taste?upHpAreaId=11&hpAreaId=249&isBestOrd=N,11,249,329
울산, 병영/반구/성안,https://www.siksinhot.com/taste?upHpAreaId=11&hpAreaId=250&isBestOrd=N,11,250,197
울산, 삼산동,https://www.siksinhot.com/taste?upHpAreaId=11&hpAreaId=251&isBestOrd=N,11,251,495
울산, 성남동/옥교동,https://www.siksinhot.com/taste?upHpAreaId=11&hpAreaId=252&isBestOrd=N,11,252,263
울산, 신정동/야음동,https://www.siksinhot.com/taste?upHpAreaId=11&hpAreaId=254&isBestOrd=N,11,254,198
울산, 언양,https://www.siksinhot.com/taste?upHpAreaId=11&hpAreaId=255&isBestOrd=N,11,255,159
울산, 울산대/무거동,https://www.siksinhot.com/taste?upHpAreaId=11&hpAreaId=257&isBestOrd=N,11,257,208
울산, 울주군,https://www.siksinhot.com/taste?upHpAreaId=11&hpAreaId=258&isBestOrd=N,11,258,307
울산, 일산해수욕장,https://www.siksinhot.com/taste?upHpAreaId=11&hpAreaId=259&isBestOrd=N,11,259,197
울산, 장생포,https://www.siksinhot.com/taste?upHpAreaId=11&hpAreaId=260&isBestOrd=N,11,260,61
울산, 정자해수욕장,https://www.siksinhot.com/taste?upHpAreaId=11&hpAreaId=261&isBestOrd=N,11,261,33
울산, 태화동,https://www.siksinhot.com/taste?upHpAreaId=11&hpAreaId=262&isBestOrd=N,11,262,81
인천, 강화도/석모도,https://www.siksinhot.com/taste?upHpAreaId=12&hpAreaId=148&isBestOrd=N,12,148,530
인천, 계산동,https://www.siksinhot.com/taste?upHpAreaId=12&hpAreaId=149&isBestOrd=N,12,149,293
인천, 구월/간석/만수,https://www.siksinhot.com/taste?upHpAreaId=12&hpAreaId=150&isBestOrd=N,12,150,612
인천, 구월동,https://www.siksinhot.com/taste?upHpAreaId=12&hpAreaId=1147&isBestOrd=N,12,1147,633
인천, 논현동,https://www.siksinhot.com/taste?upHpAreaId=12&hpAreaId=151&isBestOrd=N,12,151,209
인천, 부평,https://www.siksinhot.com/taste?upHpAreaId=12&hpAreaId=154&isBestOrd=N,12,154,769
인천, 부평-문화의거리,https://www.siksinhot.com/taste?upHpAreaId=12&hpAreaId=1146&isBestOrd=N,12,1146,415
인천, 송도,https://www.siksinhot.com/taste?upHpAreaId=12&hpAreaId=155&isBestOrd=N,12,155,1116
인천, 동인천/차이나타운,https://www.siksinhot.com/taste?upHpAreaId=12&hpAreaId=156&isBestOrd=N,12,156,1393
인천, 청라지구/검단,https://www.siksinhot.com/taste?upHpAreaId=12&hpAreaId=157&isBestOrd=N,12,157,470
인천, 월미도/인천항,https://www.siksinhot.com/taste?upHpAreaId=12&hpAreaId=158&isBestOrd=N,12,158,240
인천, 영종-인천공항,https://www.siksinhot.com/taste?upHpAreaId=12&hpAreaId=159&isBestOrd=N,12,159,29
인천, 영종도,https://www.siksinhot.com/taste?upHpAreaId=12&hpAreaId=1090&isBestOrd=N,12,1090,415
인천, 주안/인하대,https://www.siksinhot.com/taste?upHpAreaId=12&hpAreaId=161&isBestOrd=N,12,161,695
전남, 구례,https://www.siksinhot.com/taste?upHpAreaId=13&hpAreaId=594&isBestOrd=N,13,594,251
전남, 곡성,https://www.siksinhot.com/taste?upHpAreaId=13&hpAreaId=595&isBestOrd=N,13,595,145
전남, 나주,https://www.siksinhot.com/taste?upHpAreaId=13&hpAreaId=596&isBestOrd=N,13,596,173
전남, 무안,https://www.siksinhot.com/taste?upHpAreaId=13&hpAreaId=597&isBestOrd=N,13,597,173
전남, 영암,https://www.siksinhot.com/taste?upHpAreaId=13&hpAreaId=598&isBestOrd=N,13,598,98
전남, 담양,https://www.siksinhot.com/taste?upHpAreaId=13&hpAreaId=599&isBestOrd=N,13,599,474
전남, 장성,https://www.siksinhot.com/taste?upHpAreaId=13&hpAreaId=600&isBestOrd=N,13,600,87
전남, 목포,https://www.siksinhot.com/taste?upHpAreaId=13&hpAreaId=601&isBestOrd=N,13,601,435
전남, 진도,https://www.siksinhot.com/taste?upHpAreaId=13&hpAreaId=602&isBestOrd=N,13,602,43
전남, 보성,https://www.siksinhot.com/taste?upHpAreaId=13&hpAreaId=603&isBestOrd=N,13,603,161
전남, 장흥,https://www.siksinhot.com/taste?upHpAreaId=13&hpAreaId=604&isBestOrd=N,13,604,156
전남, 고흥,https://www.siksinhot.com/taste?upHpAreaId=13&hpAreaId=605&isBestOrd=N,13,605,156
전남, 순천,https://www.siksinhot.com/taste?upHpAreaId=13&hpAreaId=606&isBestOrd=N,13,606,650
전남, 광양,https://www.siksinhot.com/taste?upHpAreaId=13&hpAreaId=607&isBestOrd=N,13,607,220
전남, 영광,https://www.siksinhot.com/taste?upHpAreaId=13&hpAreaId=608&isBestOrd=N,13,608,95
전남, 함평,https://www.siksinhot.com/taste?upHpAreaId=13&hpAreaId=609&isBestOrd=N,13,609,87
전남, 해남,https://www.siksinhot.com/taste?upHpAreaId=13&hpAreaId=610&isBestOrd=N,13,610,95
전남, 완도,https://www.siksinhot.com/taste?upHpAreaId=13&hpAreaId=611&isBestOrd=N,13,611,82
전남, 강진,https://www.siksinhot.com/taste?upHpAreaId=13&hpAreaId=612&isBestOrd=N,13,612,124
전남, 신안군,https://www.siksinhot.com/taste?upHpAreaId=13&hpAreaId=613&isBestOrd=N,13,613,53
전남, 여수시,https://www.siksinhot.com/taste?upHpAreaId=13&hpAreaId=372&isBestOrd=N,13,372,1275
전남, 화순군,https://www.siksinhot.com/taste?upHpAreaId=13&hpAreaId=381&isBestOrd=N,13,381,111
전북, 군산시,https://www.siksinhot.com/taste?upHpAreaId=14&hpAreaId=349&isBestOrd=N,14,349,532
전북, 익산시,https://www.siksinhot.com/taste?upHpAreaId=14&hpAreaId=356&isBestOrd=N,14,356,446
전북, 전주시,https://www.siksinhot.com/taste?upHpAreaId=14&hpAreaId=358&isBestOrd=N,14,358,832
전북, 전주-한옥마을,https://www.siksinhot.com/taste?upHpAreaId=14&hpAreaId=513&isBestOrd=N,14,513,531
전북, 전주-전주객사,https://www.siksinhot.com/taste?upHpAreaId=14&hpAreaId=1119&isBestOrd=N,14,1119,258
전북, 전주-전북대학교,https://www.siksinhot.com/taste?upHpAreaId=14&hpAreaId=1120&isBestOrd=N,14,1120,172
전북, 고창,https://www.siksinhot.com/taste?upHpAreaId=14&hpAreaId=614&isBestOrd=N,14,614,288
전북, 정읍,https://www.siksinhot.com/taste?upHpAreaId=14&hpAreaId=615&isBestOrd=N,14,615,186
전북, 남원,https://www.siksinhot.com/taste?upHpAreaId=14&hpAreaId=616&isBestOrd=N,14,616,163
전북, 순창,https://www.siksinhot.com/taste?upHpAreaId=14&hpAreaId=617&isBestOrd=N,14,617,125
전북, 무주,https://www.siksinhot.com/taste?upHpAreaId=14&hpAreaId=618&isBestOrd=N,14,618,176
전북, 임실,https://www.siksinhot.com/taste?upHpAreaId=14&hpAreaId=619&isBestOrd=N,14,619,77
전북, 진안,https://www.siksinhot.com/taste?upHpAreaId=14&hpAreaId=620&isBestOrd=N,14,620,68
전북, 완주,https://www.siksinhot.com/taste?upHpAreaId=14&hpAreaId=621&isBestOrd=N,14,621,114
전북, 부안,https://www.siksinhot.com/taste?upHpAreaId=14&hpAreaId=622&isBestOrd=N,14,622,200
전북, 김제,https://www.siksinhot.com/taste?upHpAreaId=14&hpAreaId=623&isBestOrd=N,14,623,120
전북, 장수군,https://www.siksinhot.com/taste?upHpAreaId=14&hpAreaId=624&isBestOrd=N,14,624,36
제주, 푸드트럭,https://www.siksinhot.com/taste?upHpAreaId=15&hpAreaId=1041&isBestOrd=N,15,1041,12
제주, 모슬포/대정/한경면/마라도,https://www.siksinhot.com/taste?upHpAreaId=15&hpAreaId=382&isBestOrd=N,15,382,418
제주, 안덕/화순/대평,https://www.siksinhot.com/taste?upHpAreaId=15&hpAreaId=1189&isBestOrd=N,15,1189,531
제주, 중문/예래,https://www.siksinhot.com/taste?upHpAreaId=15&hpAreaId=386&isBestOrd=N,15,386,504
제주, 서귀포시내,https://www.siksinhot.com/taste?upHpAreaId=15&hpAreaId=383&isBestOrd=N,15,383,1470
제주, 남원/표선/성읍,https://www.siksinhot.com/taste?upHpAreaId=15&hpAreaId=387&isBestOrd=N,15,387,489
제주, 성산/우도,https://www.siksinhot.com/taste?upHpAreaId=15&hpAreaId=384&isBestOrd=N,15,384,786
제주, 구좌/김녕,https://www.siksinhot.com/taste?upHpAreaId=15&hpAreaId=389&isBestOrd=N,15,389,155
제주, 월정/평대/세화,https://www.siksinhot.com/taste?upHpAreaId=15&hpAreaId=1190&isBestOrd=N,15,1190,342
제주, 조천/함덕,https://www.siksinhot.com/taste?upHpAreaId=15&hpAreaId=1191&isBestOrd=N,15,1191,457
제주, 제주시내,https://www.siksinhot.com/taste?upHpAreaId=15&hpAreaId=385&isBestOrd=N,15,385,3142
제주, 애월,https://www.siksinhot.com/taste?upHpAreaId=15&hpAreaId=1192&isBestOrd=N,15,1192,659
제주, 한림/협재/비양도,https://www.siksinhot.com/taste?upHpAreaId=15&hpAreaId=388&isBestOrd=N,15,388,425
충남, 계룡시,https://www.siksinhot.com/taste?upHpAreaId=16&hpAreaId=551&isBestOrd=N,16,551,72
충남, 공주시,https://www.siksinhot.com/taste?upHpAreaId=16&hpAreaId=528&isBestOrd=N,16,528,521
충남, 금산군,https://www.siksinhot.com/taste?upHpAreaId=16&hpAreaId=294&isBestOrd=N,16,294,173
충남, 논산,https://www.siksinhot.com/taste?upHpAreaId=16&hpAreaId=548&isBestOrd=N,16,548,170
충남, 당진시,https://www.siksinhot.com/taste?upHpAreaId=16&hpAreaId=296&isBestOrd=N,16,296,237
충남, 보령,https://www.siksinhot.com/taste?upHpAreaId=16&hpAreaId=544&isBestOrd=N,16,544,331
충남, 부여,https://www.siksinhot.com/taste?upHpAreaId=16&hpAreaId=547&isBestOrd=N,16,547,156
충남, 서산시,https://www.siksinhot.com/taste?upHpAreaId=16&hpAreaId=299&isBestOrd=N,16,299,312
충남, 서천,https://www.siksinhot.com/taste?upHpAreaId=16&hpAreaId=545&isBestOrd=N,16,545,126
충남, 세종시/조치원,https://www.siksinhot.com/taste?upHpAreaId=16&hpAreaId=527&isBestOrd=N,16,527,524
충남, 아산시/아산배방,https://www.siksinhot.com/taste?upHpAreaId=16&hpAreaId=301&isBestOrd=N,16,301,355
충남, 예산,https://www.siksinhot.com/taste?upHpAreaId=16&hpAreaId=549&isBestOrd=N,16,549,277
충남, 천안-두정/성정,https://www.siksinhot.com/taste?upHpAreaId=16&hpAreaId=515&isBestOrd=N,16,515,213
충남, 천안-터미널/신부/안서,https://www.siksinhot.com/taste?upHpAreaId=16&hpAreaId=514&isBestOrd=N,16,514,202
충남, 천안-중앙/원성/일봉/청룡,https://www.siksinhot.com/taste?upHpAreaId=16&hpAreaId=1048&isBestOrd=N,16,1048,247
충남, 천안-시청/불당/쌍용/백석,https://www.siksinhot.com/taste?upHpAreaId=16&hpAreaId=1049&isBestOrd=N,16,1049,148
충남, 천안-성환/직산/입장/성거,https://www.siksinhot.com/taste?upHpAreaId=16&hpAreaId=1050&isBestOrd=N,16,1050,92
충남, 천안-목천/병천/풍세/광덕,https://www.siksinhot.com/taste?upHpAreaId=16&hpAreaId=1051&isBestOrd=N,16,1051,201
충남, 청양,https://www.siksinhot.com/taste?upHpAreaId=16&hpAreaId=546&isBestOrd=N,16,546,79
충남, 태안군,https://www.siksinhot.com/taste?upHpAreaId=16&hpAreaId=306&isBestOrd=N,16,306,329
충남, 홍성,https://www.siksinhot.com/taste?upHpAreaId=16&hpAreaId=550&isBestOrd=N,16,550,206
충북, 괴산,https://www.siksinhot.com/taste?upHpAreaId=17&hpAreaId=558&isBestOrd=N,17,558,102
충북, 단양,https://www.siksinhot.com/taste?upHpAreaId=17&hpAreaId=553&isBestOrd=N,17,553,315
충북, 보은,https://www.siksinhot.com/taste?upHpAreaId=17&hpAreaId=555&isBestOrd=N,17,555,127
충북, 영동,https://www.siksinhot.com/taste?upHpAreaId=17&hpAreaId=556&isBestOrd=N,17,556,90
충북, 옥천,https://www.siksinhot.com/taste?upHpAreaId=17&hpAreaId=554&isBestOrd=N,17,554,179
충북, 음성,https://www.siksinhot.com/taste?upHpAreaId=17&hpAreaId=560&isBestOrd=N,17,560,140
충북, 제천,https://www.siksinhot.com/taste?upHpAreaId=17&hpAreaId=552&isBestOrd=N,17,552,296
충북, 증평,https://www.siksinhot.com/taste?upHpAreaId=17&hpAreaId=559&isBestOrd=N,17,559,122
충북, 진천,https://www.siksinhot.com/taste?upHpAreaId=17&hpAreaId=557&isBestOrd=N,17,557,109
충북, 청주-가경/충북대,https://www.siksinhot.com/taste?upHpAreaId=17&hpAreaId=662&isBestOrd=N,17,662,289
충북, 청주-남이/현도/문의,https://www.siksinhot.com/taste?upHpAreaId=17&hpAreaId=665&isBestOrd=N,17,665,100
충북, 청주-봉명/송정,https://www.siksinhot.com/taste?upHpAreaId=17&hpAreaId=664&isBestOrd=N,17,664,164
충북, 청주-산남동/용암동,https://www.siksinhot.com/taste?upHpAreaId=17&hpAreaId=661&isBestOrd=N,17,661,230
충북, 청주-오송/강내,https://www.siksinhot.com/taste?upHpAreaId=17&hpAreaId=667&isBestOrd=N,17,667,46
충북, 청주-오창,https://www.siksinhot.com/taste?upHpAreaId=17&hpAreaId=666&isBestOrd=N,17,666,89
충북, 청주-율량/내덕,https://www.siksinhot.com/taste?upHpAreaId=17&hpAreaId=663&isBestOrd=N,17,663,159
충북, 청주-중앙/북문로/남문로,https://www.siksinhot.com/taste?upHpAreaId=17&hpAreaId=660&isBestOrd=N,17,660,516
충북, 충주시,https://www.siksinhot.com/taste?upHpAreaId=17&hpAreaId=292&isBestOrd=N,17,292,294
